id,px,py,pz,cx,cy,cz,r
0,-1.697510,28.100881,13.550511,-2.559218,27.840765,12.572219,1.737215
1,-9.675714,-6.480641,-33.076352,-10.638423,-5.583200,-33.461527,1.371338
2,-52.083997,-21.806029,20.793569,-53.303895,-23.753091,20.777066,2.297710
3,7.204632,-3.769615,-52.317816,7.299514,-3.222359,-52.518666,0.590620
4,29.508293,-50.854374,-52.894931,30.188213,-49.626500,-53.063324,1.448154
5,1.319152,0.977372,-49.936495,1.227571,1.543714,-48.623310,1.433033
6,-44.305700,23.983778,-35.393805,-44.612136,24.036716,-34.774258,0.693213
7,-50.591579,24.932926,-2.236165,-50.161449,25.165900,-1.570378,0.826172
8,-38.526961,-43.155207,1.027244,-38.286057,-42.032528,1.336676,1.234469
9,-12.052229,-14.687592,50.557921,-10.921074,-14.537304,50.975980,1.918754
10,25.023135,-42.578895,-25.113615,25.530983,-42.403139,-26.086452,1.186361
11,23.349015,26.192575,-39.936615,23.881985,26.499931,-38.465949,1.594172
12,29.168583,21.566206,-24.852343,30.316577,21.443816,-24.539806,1.196056
13,44.913396,20.437999,48.928917,44.836292,21.366213,47.969762,1.336976
14,37.762018,15.408918,13.539419,37.429348,14.385495,13.023178,1.193553
15,-52.478118,28.704060,46.909637,-53.212523,28.457055,46.845868,0.777450
16,-47.855182,51.958401,-19.244032,-48.514745,51.075438,-19.780368,1.249331
17,14.523861,-4.578431,-38.084454,13.324461,-4.306117,-38.107979,1.230150
18,-53.811626,41.547732,42.434111,-53.076771,40.803154,43.253839,1.329045
19,37.936415,-14.794488,21.261059,37.521709,-14.840838,22.516321,1.322805
20,-37.470045,39.373583,-6.940412,-37.424279,40.075360,-6.708993,0.740365
21,-21.272455,27.432216,-35.191915,-21.541392,28.291542,-34.791640,1.044164
22,40.978361,-26.882105,11.769426,40.106016,-26.825238,10.306757,1.704002
23,51.720816,-40.629823,36.729677,51.449352,-40.246937,35.851107,1.012152
24,45.673450,32.033094,5.399096,45.054880,30.435272,5.304671,2.040603
25,42.245128,-46.728579,28.243723,42.834104,-47.241761,27.581490,1.449494
26,14.037751,3.473010,47.784302,12.716909,3.974782,48.938007,1.824125
27,1.778912,-14.616521,55.129255,2.218876,-14.617815,-55.334240,1.297592
28,49.518612,40.831721,14.238092,49.566535,40.369639,13.093212,1.352023
29,-33.560162,22.170050,-29.211570,-32.632858,22.456210,-28.919805,1.013364
30,-25.784845,-47.512111,12.402542,-26.097906,-48.168185,11.647823,1.047875
31,41.455892,55.127144,-23.749817,41.239558,-55.846638,-22.859116,1.010200
32,37.148060,28.436124,47.494186,38.795598,29.269257,47.767672,1.978021
33,-10.446228,13.375491,44.965480,-10.326637,13.977434,43.803904,1.313735
34,25.524185,-29.339038,51.293693,24.378751,-28.590937,51.282033,1.368141
35,42.688868,-44.611248,-9.225912,41.967459,-44.649771,-10.135003,1.161190
36,-38.571927,-15.240142,-26.845507,-37.955798,-13.982512,-26.577709,1.490032
37,-0.267967,-19.964782,16.768027,-0.257137,-21.371663,17.706299,1.691090
38,41.549724,-37.263251,53.089415,41.332710,-36.753066,-55.547619,1.990822
39,-8.319067,-13.324147,-49.467619,-8.906071,-13.554214,-48.431223,1.213104
40,16.426020,23.404837,-0.047195,16.356233,23.548672,-0.823444,0.971253
41,6.199606,-8.186799,35.070832,5.950831,-6.809486,35.980582,1.669288
42,44.097320,-54.729496,54.014804,43.627681,-54.614088,53.864059,0.858140
43,34.818682,-44.895749,-9.762796,33.555252,-44.349153,-10.035759,1.597437
44,-42.401301,-34.837752,28.679824,-43.015999,-34.662646,28.236532,0.777833
45,41.834049,-33.579455,41.257856,41.373012,-34.500035,42.060088,1.305220
46,11.697663,-22.390881,53.399677,11.047163,-22.675050,52.607400,1.103442
47,-36.746306,4.626042,15.074391,-37.310367,4.011529,15.946921,1.239388
48,-51.720113,-22.141687,34.784168,-51.567292,-21.684750,35.395553,1.318036
49,4.222467,-17.052178,-46.537289,3.820906,-16.702262,-47.287677,0.920204
50,17.840120,13.364681,52.455224,17.161891,14.246633,52.751399,1.337753
51,41.001483,-42.199018,24.956110,41.506175,-42.082142,25.454334,1.002696
52,54.747928,8.172106,20.911771,54.512903,8.661590,21.370893,0.711073
53,-3.769534,-9.850908,9.646335,-4.256678,-8.871841,11.116643,2.053548
54,-23.337838,26.945373,-22.407570,-23.416385,27.102282,-22.744706,0.380067
55,-4.837625,-4.579872,-51.400148,-5.591772,-5.263237,-51.905617,1.723111
56,2.449588,41.920763,48.586769,1.919128,40.232272,47.883553,1.904443
57,-34.991933,29.541565,18.345539,-36.011474,29.211268,17.806044,1.281969
58,39.097165,-38.413073,-19.987525,40.409744,-38.440804,-20.978242,1.644734
59,-20.694985,-20.271125,31.174226,-21.479535,-20.590931,32.220750,1.346480
60,30.150225,51.221371,38.959754,29.236504,50.492912,38.799897,1.179446
61,5.952074,18.940616,-47.809075,5.489464,18.479632,-47.558860,0.699372
62,-18.846349,4.478180,35.033798,-19.026162,5.800106,35.344155,1.409311
63,14.954217,-26.816364,-47.657447,13.910060,-27.483092,-47.163784,1.333602
64,11.913281,-8.641675,-47.234957,12.957399,-9.318879,-46.344057,1.638957
65,-52.245204,24.234274,49.572780,-51.779686,25.127512,49.814449,1.274725
66,19.929450,4.243873,-33.663269,20.585524,3.177787,-33.283843,1.524177
67,-52.697176,39.010615,10.875371,-53.295919,39.412542,11.773124,1.151520
68,-8.653858,8.238227,-13.860427,-8.607111,7.387792,-13.000769,1.210139
69,27.699303,-30.841815,-41.834270,27.520663,-30.855911,-42.850568,1.031975
70,-9.932077,-44.958180,39.329738,-10.647697,-44.603977,38.603864,1.729890
71,30.010146,42.186910,-46.613880,30.740449,42.069185,-45.554462,1.292118
72,6.544762,-22.023779,5.480940,6.156837,-22.239003,5.652169,0.762462
73,12.350562,-19.247936,-27.067053,11.832397,-19.221691,-27.585103,0.733183
74,40.714095,-4.519811,-40.656189,40.924216,-5.848825,-40.461429,1.590107
75,-28.172241,-1.459820,-7.723892,-28.636851,-2.302016,-7.021175,1.191204
76,23.337687,-41.694822,-25.259863,22.741902,-41.673295,-25.124389,1.204889
77,-7.016307,46.364342,16.328969,-6.621346,45.087774,17.073524,1.529700
78,12.883005,14.806302,29.082453,13.046060,15.388753,29.672650,0.845085
79,13.807849,42.089909,-46.855479,14.431397,42.552330,-46.874238,1.173612
80,-4.999617,-49.684166,30.012849,-6.700509,-49.488251,29.348623,2.171286
81,3.565371,-36.600239,41.045711,3.483868,-35.495933,41.562556,1.864554
82,-33.645783,31.279244,-33.747296,-35.522844,30.215866,-34.113572,2.188216
83,15.544047,52.782844,-41.739700,15.595807,54.280988,-42.394010,1.635616
84,-40.628080,-51.537101,-51.891977,-40.389250,-52.899113,-52.298465,1.945682
85,-37.516425,19.434048,-48.348147,-37.462740,20.068475,-49.619725,1.422073
86,-29.128037,-45.764510,-25.589814,-27.884695,-46.207803,-26.007151,1.916187
87,-52.300887,-42.164589,-31.447530,-52.989984,-42.173978,-32.271083,1.357203
88,-53.249745,-36.483361,-1.317323,-53.230133,-36.506286,-1.366382,0.057594
89,-38.193236,-14.463627,29.448624,-38.646535,-14.381611,30.033163,1.392502
90,0.519229,10.687220,20.489358,0.309027,11.418943,21.260157,1.083390
91,-52.773508,15.048414,54.532553,-52.608568,14.962043,54.326167,0.277957
92,18.168835,29.921601,-18.375800,17.165970,29.606075,-17.795005,1.201090
93,-27.576149,-20.289155,-18.709461,-26.975343,-20.634605,-18.339172,0.785759
94,-54.184806,22.183177,-6.847439,-54.332052,22.214034,-7.253738,0.433258
95,-8.407764,25.614576,36.817243,-7.212119,24.951895,38.134709,1.911589
96,-1.346709,-47.319136,-38.396068,-3.040666,-48.119967,-38.360135,1.874064
97,-43.412716,49.104746,30.908814,-44.317211,48.825910,31.175425,0.983332
98,43.241645,40.404799,49.212216,42.618588,40.740325,48.665263,0.894392
99,33.713373,29.669621,-49.079060,32.817876,28.994825,-48.033493,1.600243
100,37.205432,-11.788946,16.405674,37.180616,-11.407908,16.601325,0.429052
101,-54.188948,3.138702,-48.657979,55.261863,3.299726,-48.670204,1.615619
102,23.580953,-20.641201,19.805700,24.762467,-19.960101,21.041818,1.870299
103,-15.641573,-16.684912,2.179647,-15.495743,-16.168566,3.021508,0.998304
104,21.600852,49.109713,-21.317874,20.566203,49.791028,-20.720817,1.408909
105,-2.408691,-8.485432,22.931782,-3.283435,-8.558157,23.625739,1.230581
106,39.646379,0.751566,-52.988746,39.501228,0.782904,-52.727358,0.300624
107,-20.544977,47.386927,-34.235933,-22.109339,47.735917,-34.506416,1.625480
108,-18.802200,12.012350,-53.263735,-19.720521,11.834673,-51.959625,1.612951
109,38.679684,-4.644066,31.727815,39.715644,-4.763482,31.938523,1.063894
110,3.138384,-54.816537,51.989852,2.468286,-53.701398,52.622912,1.446835
111,-0.122242,39.753532,-15.706377,-0.748546,40.683412,-15.645892,1.122760
112,3.093203,-8.396553,33.739450,2.895571,-8.235881,33.409269,1.004532
113,19.280092,-31.898933,-32.354226,19.393007,-32.256125,-32.883997,0.648839
114,-1.407405,52.682659,1.865365,-1.857766,51.846243,2.279034,1.036117
115,2.816941,14.356226,35.998454,2.780869,14.498243,36.087241,0.171328
116,-42.706999,-44.707432,41.971149,-41.700934,-44.558670,41.294791,1.294580
117,29.070627,16.853530,20.273982,29.786780,17.037554,20.130037,0.753299
118,-43.402734,-2.057441,-25.537537,-42.818612,-1.916959,-25.366685,1.119844
119,-50.316852,-46.576872,41.166945,-50.856287,-47.879824,41.050566,1.414998
120,27.947693,27.854321,-1.618268,28.299490,27.633200,-1.708660,0.425237
121,-26.908865,29.642526,5.960197,-27.206759,29.772983,5.863719,1.330252
122,-5.520471,44.280768,32.156071,-5.146258,43.549513,33.140572,1.504393
123,-47.753300,30.934813,-11.563508,-48.208399,31.283386,-11.925644,1.188230
124,-11.121908,30.647735,-50.081621,-11.111245,31.402124,-50.842665,1.071636
125,-48.437736,11.704374,-42.623383,-49.746192,11.559157,-42.920521,1.873337
126,8.853335,20.748829,23.685837,9.180721,21.305345,22.804977,1.092157
127,-8.564306,8.599251,-28.879350,-10.457114,8.885990,-28.974745,2.244535
128,-15.073199,-47.624068,-0.289742,-14.727242,-45.703671,-0.890094,2.041576
129,19.479858,-39.236507,-25.747344,19.868473,-39.047664,-26.320444,0.717723
130,28.512692,-0.213509,-14.785084,27.796920,-0.731054,-13.846647,1.288738
131,-35.822183,-36.943174,-26.756579,-34.743216,-37.233982,-27.602382,1.430322
132,49.210203,-32.703106,7.886961,49.231427,-33.784472,7.810347,2.267627
133,40.101877,-14.713905,-6.125780,40.275287,-13.002783,-6.927651,2.043375
134,53.033389,-53.504581,-13.588781,52.365196,-53.746097,-12.877923,1.009383
135,41.525229,-10.050814,45.261760,42.544165,-10.681790,46.732139,2.192672
136,-38.506480,8.435834,36.203932,-38.909138,7.657061,35.960794,0.968596
137,-21.457776,-29.471595,29.016324,-22.273152,-29.458576,28.206781,1.149073
138,39.731437,-29.970378,42.597425,39.873113,-30.125238,42.315883,0.489304
139,48.706192,36.636044,-54.792143,49.562543,36.148135,55.976880,1.044968
140,23.578679,-51.420749,-49.994399,22.909216,-50.488971,-50.376827,1.338744
141,-28.229032,-20.937452,-37.395569,-26.944108,-20.403653,-36.918697,2.008253
142,-10.119592,26.581605,26.187007,-11.007028,26.154999,26.076108,0.990876
143,13.488230,47.910656,-23.292959,12.899916,48.041886,-21.994029,1.431975
144,-1.107489,39.273239,10.679829,-0.759215,39.396642,10.372299,0.480726
145,-6.436106,-22.526708,34.601551,-6.454822,-21.928651,35.794050,1.334194
146,30.025651,-6.782030,-44.954857,31.009976,-5.907829,-43.997340,1.627870
147,-53.844348,41.232498,6.860746,-54.474365,40.099173,6.838106,1.296864
148,-23.450725,9.528909,-33.289299,-23.989705,8.549038,-33.235926,1.153505
149,-30.061538,-24.644143,-33.083423,-30.470446,-25.225771,-32.486562,1.438487
150,24.256992,11.124021,10.706881,23.381890,12.013710,11.427380,1.456603
151,-16.888513,1.050929,-23.629645,-18.127835,0.937919,-23.490910,1.438202
152,19.976885,-6.953236,21.863808,21.107107,-7.256487,21.903814,1.170881
153,0.951453,-32.040147,20.808787,0.705172,-30.987064,20.202181,1.240004
154,-20.541581,-3.917995,-15.149642,-20.981165,-3.302385,-14.398730,1.065870
155,50.027726,16.161680,-53.646748,51.325598,15.199877,-53.589405,2.219689
156,-54.411659,24.836961,-20.769691,-54.830315,25.737734,-21.156456,1.065951
157,-33.201599,-45.884004,22.883450,-33.371911,-45.357825,21.634848,1.365605
158,-39.976472,34.945721,19.509592,-40.981907,34.283332,20.203777,1.389802
159,20.969834,-37.745188,-26.735103,21.553290,-38.092311,-27.319463,0.943427
160,-8.657277,-0.504765,-4.037377,-9.147448,0.697656,-4.377157,1.342212
161,-39.959016,16.818210,-32.725496,-39.576718,16.614758,-32.373922,0.557807
162,54.997440,-43.350715,42.769464,53.812854,-43.225996,43.075888,1.786535
163,12.033657,23.470856,36.494046,11.654129,23.513630,35.460716,1.202264
164,28.195759,-45.879147,-53.209584,28.944462,-45.354700,-53.403472,0.934447
165,25.113857,-45.951370,53.713683,24.822201,-46.466848,53.039163,1.211906
166,-21.972419,-8.079490,38.200104,-21.340842,-9.308263,38.239191,1.382136
167,46.293588,52.348475,-21.686212,46.983242,51.641790,-21.920504,1.014850
168,44.713415,22.410366,-20.763849,44.148464,23.005412,-21.258936,1.485443
169,33.327597,12.342193,-55.249972,33.303504,12.933169,54.996594,1.057203
170,-34.535485,-16.857681,37.187913,-34.273600,-17.319316,37.044788,1.076166
171,43.570506,-7.277349,-30.937243,44.483661,-6.666427,-31.869216,1.821504
172,42.249555,-11.889700,41.393276,42.387186,-13.702449,40.687000,1.991856
173,39.634158,-0.587975,43.183832,39.320455,0.760896,43.396440,1.401095
174,32.157243,13.659832,-20.977555,31.099292,13.922533,-21.570477,1.617713
175,2.080203,27.226558,-35.794038,2.805174,27.159532,-34.121679,1.823968
176,10.603272,-35.724542,-43.788489,11.372687,-36.509428,-44.740065,1.453803
177,-27.019664,-0.594169,17.189250,-27.710672,-0.525002,16.557056,1.340598
178,-27.543563,-24.792396,42.732475,-26.554011,-24.625974,42.592132,1.013216
179,11.083587,-15.693036,-37.318276,10.950357,-16.053266,-37.304141,1.533201
180,-18.737186,51.155496,-5.642536,-18.210705,51.430206,-6.238850,0.946848
181,-13.351352,0.075027,-47.821528,-12.282161,0.029775,-48.977753,1.622197
182,-31.950603,-25.562575,51.183913,-31.062530,-24.516224,51.513127,1.656011
183,-43.748403,-21.512117,28.779400,-43.513663,-23.004790,29.037316,1.532872
184,20.902934,36.255739,-54.728897,21.226832,36.868211,55.349395,0.837670
185,4.742698,-40.464287,15.194389,3.935238,-39.871546,16.484660,2.198872
186,-37.702914,41.756841,-54.166021,-38.512480,41.978738,56.182867,1.856920
187,36.289513,-21.636058,46.504080,36.470654,-22.484547,48.249274,1.948961
188,-17.075706,7.961957,-26.071007,-17.204719,7.079783,-26.000000,1.234735
189,47.102641,38.826452,22.980447,46.111993,39.473466,23.584783,1.471716
190,15.813797,-14.893106,51.730102,16.080822,-16.221621,52.079638,1.856796
191,-15.660510,52.972950,41.943126,-15.248874,-56.715920,41.123964,1.652548
192,18.884757,32.956375,13.251434,18.530317,33.975248,12.307771,1.499488
193,28.447278,13.543834,19.355572,28.707477,14.913909,19.228655,1.513874
194,41.521709,-26.466565,-31.603703,41.929404,-25.751594,-30.230739,1.600758
195,43.893323,-54.334083,11.878162,44.155331,-54.316217,11.743719,0.295029
196,8.190461,-14.929653,-41.342494,7.332187,-15.714451,-41.840232,1.265024
197,-23.967599,-39.437423,29.071624,-24.532749,-38.956253,29.170944,0.748856
198,10.060866,8.180688,40.166681,10.311814,7.686608,39.238751,1.080807
199,-11.564232,6.497287,53.174211,-12.744751,7.193902,53.357362,1.382911
200,-54.175231,-45.646281,20.386357,-54.549265,-46.654682,19.460809,1.418948
201,0.814900,-28.923065,12.195461,-0.089442,-30.093658,11.832767,1.660061
202,7.580097,6.153759,-9.175891,8.184089,5.268055,-9.003094,1.192338
203,54.848144,-0.756504,-13.070031,-56.225443,-0.135956,-12.402433,2.079791
204,52.816470,-36.813316,-46.899495,53.402384,-35.654229,-46.556108,1.343388
205,31.262569,-22.081722,-51.946517,31.895084,-22.720424,-52.808509,1.245410
206,-4.502611,-55.227119,13.010307,-4.078865,54.311074,12.758192,1.124746
207,28.501556,-6.631102,11.695583,29.305371,-6.841931,11.374752,0.890786
208,32.692430,-42.527580,-45.662269,33.009142,-43.159968,-47.339615,1.902079
209,51.227344,1.012659,-51.699084,51.168104,1.914782,-51.913356,0.929111
210,36.934078,-14.613625,-23.068771,37.674522,-15.383623,-22.928762,1.077385
211,-41.423017,-16.544944,-52.234172,-41.694894,-17.149678,-51.773592,0.807313
212,-25.455676,-12.914378,41.739695,-25.073256,-12.272304,42.794399,1.791122
213,13.989119,-20.430357,48.638312,14.130350,-19.127870,48.386982,1.334011
214,-37.275659,36.107809,-36.136944,-37.002052,35.655575,-37.190213,1.564142
215,9.919383,31.496997,38.601548,10.131804,30.319859,38.317205,1.229482
216,40.717602,-25.758512,-13.479826,40.142173,-25.984134,-14.974844,1.617746
217,-14.589115,-15.994657,49.313630,-13.793533,-15.513744,50.024919,1.620828
218,-22.327881,38.909702,-49.438074,-22.762255,38.650199,-48.707155,1.878550
219,16.741630,46.702377,39.875897,16.080811,46.250281,39.285460,1.073782
220,-19.809812,-38.796389,-16.782748,-19.977751,-39.254187,-17.137690,0.603130
221,21.655450,1.627600,-46.301059,20.706599,1.461523,-45.497900,1.254180
222,-50.038592,32.464652,36.149406,-49.359725,32.081964,35.957408,1.186594
223,15.160258,-39.478648,0.301859,15.440099,-39.295210,1.836633,1.579602
224,-20.606298,41.396518,23.119174,-21.714258,41.338807,24.042046,1.602231
225,32.730754,21.398631,39.723184,31.977552,20.163765,39.902078,1.457467
226,17.054272,43.018581,37.402701,16.236795,43.751968,36.405372,2.121127
227,3.633683,-28.702653,-2.236892,2.687181,-28.169875,-1.355209,1.465066
228,-36.802495,-30.527615,36.917399,-38.345723,-29.944834,36.006839,1.884225
229,4.760585,17.765985,-36.894572,3.780560,18.109449,-37.063470,1.052113
230,15.044626,-13.000263,-44.411528,14.404347,-14.171908,-45.404165,1.663742
231,38.847177,-18.926227,-16.198846,40.005042,-18.213652,-15.234769,1.672501
232,4.667412,-36.584783,1.851608,4.427525,-37.642880,1.035278,1.486385
233,-28.164345,16.506761,-10.403351,-29.348253,16.661224,-11.426397,1.667945
234,-10.935158,-3.870029,-23.922028,-11.176108,-3.837189,-25.437236,1.844188
235,17.229118,38.983478,26.395347,16.565755,39.105912,26.592856,0.840059
236,-39.925886,34.029851,-51.032320,-38.780306,33.566791,-50.322284,1.425107
237,14.651765,13.406742,-20.892527,15.651399,13.575868,-20.813999,1.016878
238,38.985466,54.934910,51.186625,38.568225,55.448381,50.181774,1.929046
239,7.624826,12.270050,-32.151957,7.448698,12.818800,-32.335093,0.604720
240,-32.144086,-50.182778,44.200790,-31.628300,-51.207350,44.543840,1.230087
241,48.249214,-10.567912,24.798808,46.964239,-10.542307,24.590231,1.913731
242,-31.401062,25.015860,40.002972,-31.177905,25.317376,39.183801,0.900973
243,-49.460109,28.289602,-27.109960,-50.436550,27.750539,-25.568544,1.902627
244,-16.227487,-49.760292,-6.364010,-16.243622,-49.705500,-6.281443,0.100398
245,36.955252,-16.124825,23.309726,35.107818,-16.839774,23.367818,1.981803
246,35.988130,12.960017,-18.842712,37.888674,13.278234,-19.425046,2.013067
247,3.610023,-48.802891,-41.077517,3.551396,-47.371410,-41.217326,1.833568
248,-8.277415,21.062448,-25.771713,-8.086244,21.110970,-26.290545,1.659197
249,51.292400,-11.611643,2.359514,52.651430,-11.400573,2.182060,1.512304
250,-1.498536,25.068936,3.446244,-1.730734,25.484638,3.249691,0.515129
251,-20.287813,-27.353472,-4.590930,-19.713759,-27.260808,-3.996863,0.870134
252,-31.647852,39.048321,17.773094,-31.145098,39.791174,17.019798,1.171344
253,22.339796,-46.051623,5.349122,23.460709,-45.639262,4.397265,2.170774
254,1.200544,-14.517311,-34.053186,0.075311,-15.403580,-35.116195,1.783707
255,52.935995,-28.881601,-35.451068,52.706982,-28.279678,-34.585582,1.424573
256,50.110639,42.324372,-21.395602,51.550431,42.680201,-20.551206,1.838548
257,-49.101469,36.764687,-54.271076,-50.201076,36.348500,-54.484589,1.194962
258,-22.029197,26.573930,9.994180,-21.770540,26.965347,9.100707,1.009976
259,11.020481,-9.150494,31.620460,9.721486,-9.206779,30.894727,1.489042
260,-31.734656,2.705505,-9.426592,-31.731282,3.315331,-9.925730,0.788059
261,-37.524923,-11.706605,-30.235060,-36.840360,-12.678633,-30.703930,1.352497
262,11.029233,-4.744011,-54.387639,9.466697,-5.857757,-55.100614,2.047018
263,-36.302292,44.040856,-33.440253,-36.668601,43.391469,-33.841957,0.846907
264,6.866742,24.045542,33.256812,7.491558,22.472856,33.100639,1.699449
265,-22.006900,-26.160554,-29.483582,-21.538936,-26.483696,-29.884535,1.875164
266,-36.193564,19.729816,18.677218,-36.218939,19.115519,17.503019,1.325424
267,-16.399708,47.124226,47.122030,-16.925048,46.266149,47.719761,1.170283
268,1.802991,-18.182036,31.088643,2.313654,-18.980595,31.363661,1.341105
269,-48.434270,55.221711,43.628100,-47.320438,54.833614,43.503860,2.149671
270,-50.313118,-53.407240,-45.305897,-50.457173,57.022887,-47.275141,1.981434
271,33.697554,-42.061795,21.140315,33.562147,-41.619534,20.914362,0.514766
272,24.985757,46.165848,-31.017428,23.235480,45.622718,-30.202436,2.005660
273,10.944463,7.742385,31.007561,10.797624,6.990414,31.296138,0.818718
274,-25.812249,23.412496,48.390553,-25.968266,23.455591,48.523715,0.209596
275,37.463841,-49.230584,-33.630547,37.439546,-50.344758,-33.424035,1.434725
276,3.725340,50.239751,36.875343,2.841281,48.975840,37.516661,1.670426
277,7.703150,40.288296,-27.655679,8.920059,40.575261,-26.737050,1.551482
278,-33.326019,-6.756335,-33.713055,-32.241177,-6.195212,-33.652023,1.525804
279,-14.783387,50.119092,17.117969,-15.901396,49.219653,16.161413,1.724509
280,50.844566,25.724528,32.544894,50.854017,24.505904,31.586952,1.550093
281,-43.659506,41.729125,1.975161,-43.802368,40.111624,1.784046,1.997482
282,-22.987865,33.460427,-51.708985,-22.717833,32.968551,-50.645284,1.954119
283,45.095444,-17.072556,6.072826,45.269752,-16.367277,6.494826,0.840170
284,39.018708,22.764818,-12.911131,39.689427,21.982519,-13.579719,1.228359
285,17.512727,38.015306,-51.918283,17.890324,37.002217,-52.138398,1.103350
286,-34.727370,-32.208979,-17.020736,-35.326111,-31.492887,-15.937970,1.634575
287,-42.233064,39.738298,44.198139,-41.263726,40.407970,44.682392,1.273805
288,-54.432076,-26.734978,20.586970,56.302540,-25.755128,20.889394,1.042105
289,36.366136,-38.857660,-18.319823,36.156031,-40.078447,-18.989359,1.517268
290,19.318417,-13.908729,32.545321,18.307910,-13.784206,31.725539,1.537799
291,-35.414143,-20.704067,33.297823,-36.525059,-20.734771,34.140736,1.414098
292,21.303547,36.574068,-55.083143,21.811640,37.667286,54.980049,1.327785
293,26.358679,-41.414236,-25.690369,25.698373,-42.233953,-26.088208,1.125263
294,-24.779557,-17.367260,9.127778,-26.288489,-17.085516,9.608787,2.198692
295,-45.729769,-33.278706,-23.630263,-45.039206,-33.536217,-22.515398,1.336455
296,-29.202211,-11.314789,51.743698,-30.370850,-11.502435,52.612374,1.468171
297,40.411322,-35.744712,16.827256,39.623523,-34.786838,18.130814,1.827238
298,-42.991968,46.312330,1.937668,-43.370589,44.903097,1.507042,1.556630
299,-37.055822,21.122178,35.930863,-36.537592,22.124086,35.616288,1.171042
300,49.246703,-11.363559,51.080449,48.697664,-12.296062,51.297937,1.103769
301,7.190343,43.988527,-33.908349,7.067979,43.135000,-34.937783,1.342839
302,31.760371,-23.213753,-48.095331,31.882359,-23.234600,-48.737336,1.201039
303,-2.093476,-50.526993,30.630319,-3.367992,-50.755473,30.894100,1.471735
304,-19.951052,-38.509655,29.814661,-20.054806,-37.776650,29.530384,0.793016
305,-15.958573,-47.046146,-9.926415,-15.387372,-46.613646,-9.327340,0.933925
306,-39.525399,10.292203,6.707016,-40.500875,10.143449,6.789587,0.990201
307,-29.717433,-2.696398,-27.597841,-29.216095,-4.357659,-27.987267,1.778421
308,-38.433705,-14.288084,-19.715204,-38.822250,-14.395770,-20.333590,1.000547
309,-36.998447,-31.902633,-47.109573,-36.360394,-31.288036,-46.796902,0.939471
310,35.836451,22.503811,9.056193,34.631028,23.493246,9.268346,1.573861
311,8.046770,-12.395574,-27.539286,8.329586,-11.234955,-26.427153,1.632135
312,-40.366184,6.193178,25.861405,-39.339462,5.331917,26.534029,1.839204
313,-19.606502,54.573091,-48.629661,-20.212219,54.201438,-48.794861,0.729596
314,-35.580049,51.277134,9.312076,-35.229454,50.566116,9.160210,0.807171
315,-54.181997,-50.272204,30.159507,-54.480786,-50.788591,29.066725,1.245031
316,11.061995,-6.417023,37.675279,10.729001,-7.319982,38.602720,1.336550
317,54.353557,10.880229,-26.361326,54.890885,11.341572,-25.352058,1.232957
318,52.587163,-31.271707,-23.668020,52.878034,-31.321723,-24.330885,0.725602
319,50.845047,1.239613,-0.919604,50.531299,0.533805,-1.381361,0.899902
320,11.302365,13.119436,3.531044,10.569253,13.494696,4.026556,1.330307
321,29.720436,15.130782,44.459473,30.083483,15.003695,45.640264,2.005511
322,-2.250954,18.560200,-18.523471,-2.732252,17.980355,-18.746818,1.568456
323,-42.147419,31.121288,-27.983500,-41.581491,32.121044,-26.664650,1.749043
324,19.072231,19.588267,-51.795519,19.149268,18.491045,-52.005924,1.667111
325,-20.163677,41.316240,-45.500933,-19.244553,40.763858,-44.947839,1.206577
326,-32.894807,46.231520,22.215893,-31.996370,46.311009,21.496288,1.153837
327,-35.952893,37.253451,12.797896,-35.569279,39.114204,13.657310,2.085223
328,-16.983383,-14.893934,-8.267344,-16.371278,-14.597586,-8.124958,0.694815
329,-2.397519,-5.253289,29.043588,-1.987464,-5.705761,28.218155,1.026750
330,-18.959687,-13.132330,9.375976,-19.479369,-14.826466,9.167207,1.972021
331,5.306349,20.624487,41.820200,6.901431,20.200824,41.705421,1.654373
332,25.278482,32.391506,48.846047,25.361728,33.421662,48.545363,1.076365
333,-12.248102,-2.545648,-26.803389,-11.045711,-2.792774,-26.891208,1.230661
334,18.220516,52.532216,37.343644,18.787179,53.096197,37.332187,0.799571
335,-32.846645,-26.578386,-20.188415,-32.439662,-26.069655,-20.581606,1.415103
336,-15.460139,-34.450765,21.140628,-14.837384,-33.274878,21.054211,1.333417
337,-21.940234,-43.739447,-22.697443,-20.598246,-43.754923,-22.071793,1.480747
338,-19.148009,19.795677,20.903639,-19.320870,19.269924,21.270100,0.716165
339,54.142243,5.920277,22.540511,52.811197,5.204010,21.958130,1.746685
340,7.387446,-23.344382,32.159030,5.895076,-24.129943,33.114027,2.082464
341,-6.702686,6.344620,-46.706882,-7.148697,7.254511,-47.230224,1.140489
342,44.853069,-26.660610,32.829357,44.169688,-27.053512,33.078332,1.156646
343,-17.706866,45.487699,-35.263780,-17.170464,44.904487,-34.941377,0.855458
344,22.900790,-10.755360,-40.937197,23.345741,-10.902720,-40.034384,1.017236
345,15.762993,-54.914527,-33.460514,14.584762,-54.409972,-32.609953,1.538265
346,0.640269,25.105923,20.668527,1.338176,26.541116,19.937559,1.755325
347,38.146689,48.196227,-51.542022,38.544196,47.935056,-51.570333,2.201343
348,23.677810,8.693474,26.977381,23.364260,8.405774,26.062893,1.649256
349,-11.347831,26.411727,36.988412,-12.316911,26.117262,36.308566,1.775490
350,-20.441319,33.814390,3.642775,-20.348307,33.707664,4.701714,1.735607
351,14.185790,-17.246173,-50.898165,13.810471,-16.647900,-51.711334,1.077051
352,24.384482,-53.239383,-20.212817,25.159675,-53.388463,-20.083160,1.010762
353,41.941643,31.466142,7.016379,42.059298,32.602727,6.374736,1.310486
354,49.054653,-11.219484,52.804685,48.610034,-11.730848,52.522308,0.734110
355,-37.365026,-40.687234,53.847975,-35.909712,-40.276898,54.332230,1.587708
356,-5.002371,-48.835875,-17.026253,-4.936180,-48.270056,-16.575867,0.726209
357,4.978379,-2.484108,-36.776133,6.157975,-1.023119,-36.769640,1.877759
358,23.702621,-42.714564,-1.477157,23.883427,-41.289714,-2.981131,2.079622
359,-25.601894,20.847890,-15.612200,-25.824585,21.485883,-15.503131,0.684486
360,40.092396,14.371559,-0.144756,39.609040,14.816467,0.460736,0.893419
361,15.393888,-18.316953,-1.713390,14.534977,-17.718957,-0.633868,1.503560
362,38.652612,-19.207272,26.399417,38.386278,-19.303665,27.479834,1.214032
363,-21.424000,-34.138929,11.178836,-21.650702,-33.422541,11.505321,0.819266
364,-16.881876,17.678608,-20.641870,-18.244419,17.579569,-20.701561,1.367441
365,-52.913653,3.724238,-46.338474,-52.351780,3.437830,-46.345095,0.630695
366,35.025883,-19.557083,-3.276344,35.109052,-19.538955,-4.156176,0.883940
367,43.642130,3.180301,-45.595311,43.705599,3.223252,-45.430013,0.182199
368,33.034104,49.069116,20.117661,33.859269,49.535020,20.522842,1.030600
369,26.996535,-11.558538,32.189013,26.786289,-11.025724,31.880604,1.038295
370,10.599959,10.986250,21.000023,10.595462,11.760707,20.053514,1.222981
371,-43.175480,12.199714,45.726383,-42.905324,12.318333,45.336358,1.613206
372,-55.085131,27.950161,47.359469,53.866689,28.513162,47.320511,1.720579
373,-23.398221,51.714811,27.049212,-23.557034,51.569835,28.510348,1.476875
374,-14.074615,-26.478906,-42.604383,-15.871325,-26.374904,-42.216759,2.021342
375,2.385962,44.938704,-34.669554,3.127265,45.953687,-35.027331,1.606988
376,30.107463,47.859804,-25.699636,30.459942,46.942742,-24.962540,1.228233
377,34.727328,22.971024,-23.657737,34.534917,22.165255,-24.893887,1.488070
378,-8.853493,-20.343457,-15.095756,-8.832614,-20.104838,-16.297331,1.225217
379,51.723798,-19.567977,-28.163339,51.303792,-20.081930,-29.398564,1.402261
380,52.263680,40.855112,-46.605143,52.258097,40.929729,-46.450516,0.171781
381,31.833434,-10.956794,40.003851,32.642865,-11.020691,40.643621,1.033715
382,-11.153408,-43.482190,9.571826,-11.224002,-42.903126,9.667424,1.385750
383,-49.565254,-42.221131,23.577997,-50.000274,-42.300724,23.366303,1.657318
384,28.945281,-15.139255,-12.594028,27.392003,-14.850780,-13.502231,1.822284
385,-43.182696,-9.509456,44.080190,-42.733203,-9.509824,44.416276,0.561247
386,-23.717710,44.386510,-41.710962,-25.247815,44.359408,-42.095002,1.577797
387,-47.499338,33.909315,-6.533576,-48.544448,33.495240,-5.837443,1.322238
388,8.946575,-2.792427,-39.967481,9.635918,-3.705580,-38.969817,1.518017
389,11.541989,39.137307,-20.737586,12.965815,38.829277,-21.294115,1.559452
390,49.749819,-46.552403,6.147029,49.623772,-45.635206,6.093258,0.951381
391,50.472756,33.104215,21.726097,49.869374,32.404296,22.433059,1.163508
392,-10.422403,21.596476,5.842044,-10.576919,21.608478,5.623443,1.147700
393,11.234414,-29.705567,27.257121,11.063037,-29.748937,27.135357,1.289868
394,-20.724392,-48.631169,52.729573,-20.224791,-48.529962,51.863840,1.004658
395,-15.226934,8.975634,4.794746,-14.984840,9.289017,5.227581,0.617605
396,40.239078,47.558094,31.798279,39.880821,47.547716,31.786586,0.358598
397,10.407787,-42.637102,-54.671793,9.709640,-42.048383,-54.893868,1.036566
398,13.036274,22.235778,25.018333,12.314120,22.561491,24.494148,0.949929
399,-5.328642,-0.967336,24.354198,-4.610671,-1.599577,24.452174,1.473625
400,-13.368132,-31.666911,-21.792780,-12.201809,-31.663902,-22.145585,1.218520
401,-45.013753,38.742913,18.276301,-44.714347,38.956346,16.959763,1.366919
402,-36.832413,55.010456,52.618519,-37.215556,-54.921969,52.283162,0.799718
403,-37.433793,-9.231632,16.070986,-36.721838,-8.420244,15.200077,1.610447
404,-2.020791,15.124931,8.270493,-3.446078,15.328215,8.900073,1.639794
405,24.976060,2.874467,-13.096969,25.657168,2.041448,-12.893327,1.095125
406,7.429828,-31.021023,-55.021086,8.216080,-30.976960,-55.902321,1.181824
407,27.509597,-42.036754,-16.354289,28.150440,-43.131590,-16.150545,1.786771
408,5.204572,34.811236,-7.802567,4.732003,35.603883,-7.668177,0.932562
409,45.632725,45.063858,35.227032,45.625567,44.090419,34.675573,1.118813
410,29.487795,-8.411572,47.186228,30.910659,-9.497491,48.310431,2.113668
411,-37.935630,43.948748,-0.655711,-37.625992,42.803752,-0.582764,1.188366
412,31.099595,47.507952,-27.372925,30.877032,46.275195,-26.928521,1.329179
413,-44.402238,7.891307,-33.513146,-44.326189,8.198926,-33.789635,0.420546
414,-23.776474,49.491936,-29.993345,-23.575984,50.221649,-29.223039,1.412144
415,-13.395696,-32.233392,20.912924,-14.676022,-32.086085,21.743547,1.803617
416,-43.386524,-47.101971,-41.622886,-42.646739,-45.648211,-41.522356,1.634260
417,52.886454,0.977635,-21.767544,52.988353,0.428445,-21.888744,0.571562
418,24.754639,-17.082800,26.751960,25.125736,-17.241642,26.468864,0.561336
419,-7.442530,11.282669,-2.341982,-7.731922,11.967779,-0.614736,1.939172
420,-27.776562,-12.903768,-1.521152,-26.676712,-12.449547,-1.574161,1.606353
421,-5.700748,54.596739,-41.390999,-5.330326,53.230774,-41.305050,1.417907
422,-8.116609,9.877486,12.705066,-8.838729,10.731539,13.845705,1.647033
423,-42.840627,27.942716,13.627235,-42.239892,28.495913,14.219636,1.008884
424,-1.195428,32.949848,-23.626742,-0.539717,32.969695,-22.839209,1.166891
425,-7.695837,-42.738925,47.818455,-7.657420,-42.134866,48.349165,0.804995
426,-26.887125,-18.610000,45.892068,-26.650257,-18.438026,47.170512,1.311526
427,51.979467,5.173703,-17.669467,51.434117,5.546586,-16.871172,1.036206
428,-51.651517,9.615996,40.836586,-50.507589,7.959306,40.406648,2.058650
429,39.807552,41.300311,-46.208731,41.588518,41.487516,-47.166945,2.031025
430,50.803814,13.799769,0.376618,50.682138,14.953101,0.041772,1.207105
431,32.735846,32.119774,36.099061,31.477437,32.033150,35.084895,1.618527
432,-8.873087,-9.442020,54.277498,-9.444872,-10.309095,54.302815,1.038940
433,-11.801879,-25.057106,36.173913,-10.643967,-25.489765,37.065498,1.524098
434,52.651733,-20.894502,-14.107823,53.506431,-21.445793,-14.278415,1.424505
435,-18.879333,39.676714,16.454507,-19.774329,38.913861,16.089707,1.231277
436,-24.601668,-31.661479,-11.473479,-25.389642,-31.058366,-11.608942,1.337842
437,15.084485,25.947513,-44.877992,15.312801,25.973508,-43.060280,1.931764
438,-36.103908,39.149953,-48.754618,-36.162141,39.580697,-48.727306,0.435520
439,43.706882,40.237337,-16.354574,42.727980,40.479521,-16.163076,1.026437
440,-16.689631,37.074493,12.728182,-16.299517,38.593806,13.388551,1.701937
441,-5.830332,42.127772,-44.545256,-6.080135,41.646722,-44.074597,0.717865
442,34.112569,-1.853197,37.902738,33.422736,-1.751661,37.779583,0.708058
443,51.045326,19.190539,-37.235818,51.769520,19.224600,-37.937006,1.748509
444,23.291442,18.225899,29.045488,23.913471,17.000086,28.715697,1.413612
445,19.596311,15.672891,7.550679,20.182566,15.019595,7.650446,1.410348
446,2.440567,-29.701767,26.076082,3.270606,-29.550822,27.292275,1.480160
447,6.681168,52.366585,53.344841,8.046036,52.091932,54.149868,1.608218
448,-50.304905,-37.775774,11.583897,-49.344191,-38.074049,12.625073,1.463672
449,-6.462789,-51.953288,29.337670,-6.257979,-51.657691,29.466965,0.382155
450,-12.544795,-18.697888,41.475415,-13.188602,-18.213061,40.395818,1.347247
451,48.701626,-40.659559,-39.665347,48.962765,-40.903437,-39.919296,0.562014
452,10.499218,8.699670,-44.757374,9.537649,8.451507,-45.386560,1.175616
453,22.454399,1.230389,18.247425,22.172265,2.587346,18.656516,1.445090
454,50.893129,-38.282885,35.021245,49.112789,-37.811323,35.325768,1.866740
455,-41.372756,21.126946,-8.900988,-41.784524,22.104371,-9.428988,1.499564
456,39.618181,-36.510990,1.936172,39.184379,-35.540769,1.305901,1.779791
457,-8.699729,-50.565791,16.629781,-8.533676,-49.448523,15.940001,1.323502
458,-8.174149,-16.994556,45.173234,-9.083533,-17.448839,44.762122,1.924493
459,55.001997,17.624686,-37.511247,-56.015020,18.756849,-37.811659,1.261344
460,-18.725621,29.535559,35.987391,-17.925152,29.995001,37.191822,1.517396
461,-14.127239,1.314232,43.645778,-14.558760,1.536905,42.082882,1.636594
462,-9.059007,-40.900958,25.101041,-9.440834,-40.722961,24.226158,1.812262
463,47.322691,10.337478,-8.704320,46.532413,9.278657,-9.024976,1.359581
464,29.481291,5.224431,-46.238478,28.446392,5.291080,-46.401200,2.323099
465,-26.743825,-43.821377,15.187978,-27.696290,-43.140060,15.356067,1.183062
466,-13.243592,-46.249905,53.453485,-13.716384,-46.363569,53.592021,0.505613
467,43.352195,-52.757330,-27.207096,42.526163,-53.959075,-27.746369,1.554778
468,-1.889069,-0.608381,8.245157,-2.561506,-1.402086,7.652054,1.197460
469,-46.667649,21.518083,33.370578,-46.334222,22.876553,32.933302,1.563769
470,-4.578329,12.681867,-1.870675,-5.438533,13.847827,-0.577668,1.941978
471,-41.663741,18.096872,-15.063874,-42.902312,17.385838,-15.088804,1.428372
472,24.300489,43.835285,-3.353629,24.253643,43.587058,-4.534891,1.207971
473,8.233268,24.207052,34.421375,9.205944,23.624374,33.086167,1.751683
474,47.217840,38.142546,-26.763317,47.695669,38.817485,-25.789209,1.330985
475,4.125542,-14.342795,-37.448547,3.022518,-13.953358,-38.307249,1.451100
476,-28.995045,-54.276303,8.882699,-29.374567,55.732448,7.891462,1.296530
477,46.437253,46.920108,20.660466,45.920240,48.228196,21.928727,1.940926
478,50.656569,22.621685,30.026077,50.438225,23.854109,30.993962,1.582197
479,13.737965,54.805343,51.268130,12.750800,-55.488831,51.818087,1.158419
480,40.067764,19.106823,7.997351,39.445221,19.351032,8.651630,0.935562
481,27.673283,-14.597699,43.223160,27.189679,-14.591132,43.704349,0.682246
482,11.208211,13.998243,23.120975,10.698964,13.180597,23.152435,0.963778
483,-35.624091,23.651279,-5.575533,-35.178039,23.498345,-6.426860,0.973196
484,14.695755,12.051807,-26.002795,15.847774,12.294576,-26.635346,1.336490
485,7.965995,29.921759,-49.837687,9.259154,29.148972,-49.052857,1.698652
486,26.313957,1.439119,-12.259062,26.017420,-0.158633,-12.775042,1.704987
487,-39.615259,41.424372,48.827525,-38.922341,42.315121,49.534310,1.350163
488,13.064760,39.132416,36.033177,13.473934,40.343898,36.455961,1.346795
489,-42.721661,-3.127089,28.475711,-43.495640,-3.436546,27.890533,1.018450
490,17.384100,-0.811632,-29.908986,17.120551,-0.224321,-30.073208,0.664350
491,47.140596,16.895074,-2.821279,47.356226,17.899875,-2.245007,1.781565
492,-27.668407,16.056810,-37.982866,-26.787579,15.042677,-36.658980,2.022327
493,-42.172191,-42.927611,-25.085660,-42.776382,-41.833119,-23.709199,1.859463
494,43.870232,-28.742628,-26.962214,44.235759,-28.142869,-26.136458,1.084064
495,-16.951495,-43.174031,-37.614225,-16.373555,-41.887820,-38.159045,1.568493
496,24.998631,1.427031,46.833905,24.675242,0.621808,46.760550,0.870830
497,-2.578697,52.127268,-27.864423,-1.521829,52.415437,-28.899192,1.506903
498,-1.838802,48.142995,-24.018925,-2.267241,47.178094,-23.076613,1.415114
499,53.105229,-17.006023,38.987506,53.536397,-15.389725,39.373345,2.025229
500,31.819164,29.698737,6.591211,31.971765,29.137530,6.623591,0.582485
501,-43.362889,27.312739,-30.119668,-42.389780,26.128139,-30.534562,1.588192
502,-39.446436,-17.167612,48.413027,-39.492300,-17.123335,49.344182,0.933335
503,-15.281916,-11.446083,47.341724,-16.181899,-11.692631,48.472596,1.466161
504,50.407961,38.292506,-37.372291,50.612173,39.560675,-37.696072,1.418146
505,-15.401516,8.642142,-20.991849,-15.470442,7.642003,-20.034118,1.386462
506,32.473389,-39.583068,-32.178760,33.035115,-38.445727,-32.569794,1.327399
507,-33.629206,17.389451,-49.682271,-32.968227,17.202355,-49.526466,0.704396
508,-17.593402,42.750905,-49.829746,-18.996454,42.638841,-49.219038,1.537368
509,-15.646072,-26.498030,30.101536,-17.033369,-25.926699,29.907249,1.529408
510,-16.439392,-43.708692,15.883234,-15.858222,-43.929051,17.018909,1.299042
511,47.879326,-16.928633,-45.480835,47.880330,-18.077358,-44.617885,1.524654
512,-24.587626,53.276584,-12.466225,-24.832290,51.852991,-12.864529,1.711399
513,6.675343,15.625384,9.026870,6.967794,15.589428,8.527074,0.580187
514,-19.610984,51.559418,26.707030,-20.323325,51.170741,25.558107,1.503176
515,-25.173732,-18.335039,48.764364,-26.591580,-18.578376,48.380781,1.488839
516,23.996847,28.743295,-5.777836,24.549620,27.924503,-4.306385,1.846811
517,4.557274,-2.891134,17.494297,3.527054,-2.807075,18.275342,1.295550
518,-50.365860,-40.950122,-50.948872,-49.330351,-42.045253,-51.298105,1.547112
519,24.308175,-3.158946,24.922189,22.281838,-3.995716,25.145309,2.203635
520,16.661072,-27.581028,38.339131,14.776619,-27.907531,38.967960,2.013254
521,36.310888,34.731555,-38.969276,37.252033,35.000361,-39.719631,1.233306
522,5.057153,-25.626239,-20.950795,5.999300,-24.779281,-21.605908,1.426237
523,47.475460,33.340053,0.082183,48.378993,34.032518,-0.029283,1.143812
524,13.098775,-21.786813,-1.733070,12.705616,-21.282037,-0.911181,1.041574
525,35.762755,47.095737,-10.243789,36.868327,47.014088,-9.812882,1.553559
526,-8.731206,54.692642,-38.760166,-10.029331,54.756983,-38.904289,1.307685
527,-24.295322,46.246736,42.744518,-23.147841,45.697130,42.518884,1.292164
528,53.000597,-3.880014,42.444226,53.621600,-3.773613,42.188833,0.679847
529,-10.142692,-51.022441,-2.439848,-10.971718,-50.813149,-2.415062,1.513246
530,-47.240578,35.995674,8.402215,-46.313976,36.015636,7.939745,1.035793
531,-15.961862,-40.028544,-6.831511,-15.563278,-39.129070,-8.024300,1.546179
532,36.323107,12.451757,6.189026,35.602812,13.647563,5.219573,1.802388
533,0.421346,-50.239272,37.344833,0.477645,-50.940065,38.613251,1.450230
534,-49.506587,-36.678189,8.704514,-49.424706,-36.699506,8.503437,0.218153
535,45.724617,-27.973142,-46.282206,45.158143,-26.959858,-46.234137,1.435753
536,23.558581,5.781175,7.336198,22.672054,5.435974,6.292544,1.417149
537,-5.044704,41.880890,54.492809,-5.806220,41.306298,53.901748,1.221152
538,20.109307,47.789501,30.532197,20.312975,47.610591,31.741778,1.330835
539,-10.492280,17.613618,33.216794,-9.893198,16.386067,32.805353,1.452102
540,-14.983222,19.574142,-36.929481,-16.178082,20.193062,-36.840521,1.563455
541,30.089411,21.875397,7.251769,29.210539,21.228254,7.894810,1.266772
542,-43.287723,-29.531204,-52.590386,-43.314162,-29.049909,-53.311077,0.867030
543,-27.626684,21.687106,40.747338,-28.134954,20.450574,41.650783,1.613555
544,4.329964,23.642689,-4.145973,3.686370,23.312233,-4.831970,0.996999
545,-37.943251,-17.020260,-36.610512,-38.688724,-15.769521,-36.788451,1.730770
546,-54.896845,53.941965,9.776033,-55.297132,53.313633,9.735925,0.746083
547,1.161453,24.600354,9.421212,0.827095,23.981533,9.663847,0.750895
548,1.095809,-11.248595,-33.573117,1.940146,-11.143542,-33.042700,1.945108
549,27.759595,-1.490680,50.220578,27.370294,-0.244879,51.403754,1.761671
550,15.705815,-42.317769,21.701417,15.770886,-41.768277,21.731153,0.554130
551,38.257726,-13.127458,-42.852408,38.332022,-12.639573,-43.161700,0.582420
552,38.830225,2.262788,-34.770673,38.662091,3.610981,-33.320726,1.987017
553,-28.537432,-12.332095,8.468985,-29.685746,-11.788562,8.018897,1.347825
554,-19.940172,-3.130714,40.082372,-21.089385,-4.154781,39.792153,1.827101
555,-35.264769,-22.917809,-13.875427,-34.052740,-22.898179,-13.234058,1.371407
556,44.029432,14.594368,24.099972,44.412173,14.974260,25.470396,1.582602
557,37.453894,-33.654933,26.297131,38.702346,-34.218890,25.843874,1.442956
558,-42.670711,48.281836,-53.963706,-42.868600,46.638490,-54.356340,2.171053
559,47.536671,-49.224266,-27.220961,46.750753,-49.140731,-27.518655,0.844551
560,-48.739116,-27.039146,-43.631822,-48.038369,-26.971187,-42.984167,0.956620
561,15.376414,-45.479325,26.371026,14.875459,-44.721654,28.009372,1.873286
562,15.972684,-14.891715,-33.462156,14.732029,-14.945876,-34.152850,1.564581
563,-40.221036,-35.778848,53.598449,-40.486498,-35.967567,53.310756,1.032856
564,40.906511,-5.053777,-47.126160,39.763205,-5.216370,-47.340214,1.174480
565,-33.166497,-12.025021,6.940894,-32.245280,-11.486954,6.570219,1.129406
566,6.593704,-24.814864,39.865221,5.873222,-24.570863,39.554826,0.821569
567,-28.011405,54.654583,-10.657379,-28.539789,-55.321939,-12.064966,1.608831
568,11.016603,16.028739,45.119141,11.049848,16.264346,44.715419,1.562426
569,35.532252,-31.939436,-20.814598,34.951282,-31.431782,-20.539416,0.819124
570,-6.123283,-17.403646,19.206479,-5.977543,-18.560960,18.565892,1.330777
571,-48.408824,-12.711673,46.620078,-48.105520,-12.800039,46.445162,1.693526
572,17.114239,-1.228143,-37.841327,17.971193,-1.294172,-36.657059,1.463291
573,-36.332602,-44.693942,47.198062,-35.858542,-45.794481,45.529089,2.054602
574,-39.946595,-20.915551,24.517074,-40.662314,-21.791482,24.515295,1.131155
575,-30.300287,8.516151,21.456223,-29.353388,10.245295,21.417925,1.971807
576,22.114763,47.607386,-28.728621,21.675348,46.652450,-29.535963,1.325439
577,-20.963419,41.194109,-41.621693,-19.658961,42.200568,-41.872427,1.666565
578,-48.700703,-33.554123,-36.186654,-49.575182,-32.759084,-36.385554,1.198484
579,27.788767,-38.026163,36.322211,28.374588,-39.265716,36.086173,1.391183
580,-26.407995,-10.437300,31.501585,-26.719093,-10.978143,31.882112,0.730817
581,-48.975838,-27.432066,-19.013278,-48.712797,-26.641678,-19.716891,1.906521
582,52.633092,10.755716,42.907537,53.342419,11.379613,43.005672,0.949749
583,31.113832,50.903254,-21.324947,31.133330,52.200496,-21.908431,1.480067
584,28.166743,-32.608480,-47.267973,29.431149,-32.577912,-45.796481,1.940347
585,-51.052265,-6.752342,25.140489,-51.793286,-7.455661,25.091180,1.116883
586,21.818978,-29.340977,-9.354238,20.942347,-29.940750,-9.471587,1.068635
587,-6.292065,-36.265155,37.682916,-5.889038,-36.445076,38.361544,1.446857
588,-18.995818,52.078568,-24.374559,-19.879099,52.137236,-24.797770,0.981191
589,22.674429,-9.818177,-1.274454,23.512322,-11.121050,-0.788342,1.623529
590,-30.372685,44.742509,-28.945362,-30.943008,44.520389,-29.848620,1.409645
591,-14.763982,26.899590,0.565339,-14.848543,26.250109,1.420602,1.712644
592,20.171587,15.152534,44.932645,19.579528,15.713176,44.843305,1.041903
593,-28.233701,-11.498605,-43.453546,-28.676236,-11.837287,-44.008332,0.786340
594,-22.133090,1.503223,-23.860207,-22.673429,0.758025,-24.105731,0.952664
595,20.019586,42.388942,50.996305,18.932281,42.612618,50.155234,1.392719
596,-23.363360,-1.821396,-42.533464,-22.173891,-1.934141,-42.888722,1.246497
597,-15.946347,48.872627,49.905124,-14.166363,48.498514,50.058839,1.825358
598,-55.002120,-25.742568,-32.152036,-55.274919,-24.616232,-32.041800,2.050434
599,-45.754747,-7.603973,-5.385227,-46.452524,-7.436451,-5.783096,0.820522
600,-13.875401,36.000943,-22.258477,-13.910522,35.460841,-22.504814,0.594664
601,-38.494730,0.863129,-49.291728,-39.025573,1.376368,-48.375110,1.177029
602,17.742589,-19.440577,44.346513,19.445101,-20.029579,43.714907,1.909030
603,5.515767,-19.115205,1.208780,5.382611,-17.997928,1.361665,1.135522
604,-2.718388,-20.530751,-15.304576,-1.597008,-20.369763,-15.195765,1.159860
605,-39.462532,19.548396,30.052899,-40.331184,19.346099,29.339180,1.151040
606,-45.006738,-16.098983,41.751799,-45.282905,-15.106191,41.785933,1.031053
607,-19.696469,-26.081227,-17.865142,-20.543140,-25.162716,-18.658411,1.675368
608,25.185066,-47.941662,13.504026,26.529356,-48.482151,12.035132,2.063224
609,25.389607,-35.359284,-26.609695,24.653889,-35.758456,-25.789461,1.296639
610,-42.060637,17.602620,-33.094601,-42.562345,18.669185,-32.148030,1.511711
611,39.041916,-44.788914,-6.491845,38.274857,-44.196829,-7.367736,1.377298
612,-25.218558,-40.699923,33.098561,-23.977746,-41.104406,32.542162,1.418732
613,-27.667440,-9.882366,54.307426,-26.579571,-9.851871,-55.606837,1.688756
614,9.566863,-15.953894,-26.318274,10.991343,-15.334495,-26.040406,1.577977
615,41.930415,-38.215109,42.674794,41.531908,-38.867309,42.511742,1.692080
616,53.019917,31.378678,-17.568063,53.041464,32.122596,-16.824211,1.052233
617,1.788985,-1.536273,28.255399,-0.032175,-0.754415,28.022253,1.995566
618,30.349460,7.628391,-28.340992,29.816528,6.592443,-28.087486,1.241194
619,-46.158403,-50.084632,-16.278893,-46.135386,-50.134727,-16.272474,0.055502
620,-23.605949,44.995997,24.061465,-23.821407,44.693446,23.858440,0.423295
621,-33.727352,-14.887658,-51.062286,-34.477004,-14.432770,-51.286596,0.956539
622,48.397066,15.622816,-12.233288,47.436180,15.066403,-10.838248,1.782984
623,-19.157906,-21.613515,43.147312,-18.476536,-20.649328,42.702780,1.261558
624,-33.085708,21.224806,-21.958637,-34.096861,21.706985,-22.144726,1.659783
625,-54.953030,-38.961136,49.312346,-54.569614,-39.453043,48.865472,1.245916
626,-24.580556,4.419572,8.328438,-24.381706,5.823244,8.874113,1.951874
627,-6.518032,13.619809,22.235055,-6.203839,13.165484,22.246717,0.630841
628,20.799904,-11.044868,7.696692,20.989512,-11.337194,6.396176,1.346383
629,17.550429,9.409912,50.409019,17.715380,9.765058,50.555732,0.776975
630,-12.698540,-22.195307,2.313371,-13.316046,-22.477590,2.182066,0.691548
631,-1.786704,18.748321,-3.804655,-2.918242,18.300809,-4.146690,1.263976
632,-19.810696,-14.473549,-51.615656,-19.468808,-14.751828,-51.086428,0.688773
633,-40.391941,-24.245361,-27.463942,-40.609477,-24.207968,-26.848342,1.796344
634,-10.472227,-53.336567,11.242819,-9.174359,-53.436133,11.896267,1.693548
635,34.276453,30.011394,23.286589,35.138453,31.205249,22.849955,1.535898
636,-18.586277,31.891783,23.687581,-19.188447,32.130832,24.333136,0.954551
637,-46.106611,-10.037453,45.812654,-46.230265,-9.502627,45.473049,0.645493
638,22.053942,30.692505,-6.958593,21.511657,29.976252,-7.443757,1.021016
639,35.936031,-8.004340,-6.998643,36.787965,-8.576281,-6.962751,1.026741
640,-55.141023,-4.251912,-47.898859,55.095407,-4.461631,-47.647211,0.452846
641,-31.454563,-23.022645,29.755939,-31.726365,-22.672697,28.626107,1.529149
642,5.521064,37.647625,-1.982189,6.171118,37.832219,-2.709446,0.992748
643,42.203554,-48.196908,27.157094,42.834104,-47.241761,27.581490,1.449494
644,-34.904683,-38.486197,-17.572797,-35.311209,-37.726100,-17.695387,1.114485
645,-36.717825,27.516199,-31.892289,-36.509142,28.362339,-32.124218,0.901828
646,42.159071,-22.371108,42.039106,41.353290,-22.732628,41.265253,1.174236
647,38.979251,-29.611961,32.396990,38.629280,-28.893570,31.238761,1.407145
648,-24.214597,-12.766243,5.911617,-24.503666,-13.422350,6.348667,0.839673
649,7.155332,-0.131579,45.508202,6.775877,-0.283230,45.066691,0.601594
650,49.238745,50.007128,-53.292113,49.617080,48.473139,-52.909526,1.625617
651,1.039349,36.766445,13.986005,0.809129,37.732194,12.814472,1.763645
652,-52.489345,36.724887,47.348447,-53.428610,36.313312,48.013353,1.222175
653,-37.848052,-48.280133,-24.300021,-37.996042,-47.489141,-24.609181,0.862061
654,-43.348013,3.183564,-47.905539,-44.774635,2.384506,-46.365134,2.246462
655,-30.088850,30.466585,-38.857700,-29.821213,30.021332,-37.779066,1.654068
656,24.558404,-23.569523,44.056036,23.585666,-24.355773,44.484878,1.322239
657,36.077256,46.583142,-12.621704,36.323375,46.632950,-11.376426,1.270344
658,13.604096,-30.260904,-18.381205,13.915140,-30.931414,-18.683362,0.798517
659,13.983995,-54.436723,-5.468694,14.384266,-54.464139,-4.738585,0.833083
660,53.677823,-53.721807,-39.263590,52.670285,-53.368853,-39.780570,1.287681
661,-35.048815,12.557531,2.131323,-34.286883,12.275318,2.147334,0.986752
662,28.067095,-11.854335,27.400396,27.930223,-12.300022,28.179816,1.483870
663,39.332094,10.073868,-15.313568,40.014222,9.627920,-14.440388,1.194408
664,-12.679471,-39.475925,48.386849,-12.841750,-38.596090,47.747437,1.099678
665,3.803818,19.465617,-11.138565,4.545794,20.075216,-9.960331,1.519992
666,-1.129526,-9.855412,7.501374,-1.314923,-8.930136,7.890407,2.022115
667,-35.905820,40.206106,49.597892,-35.861689,41.451127,48.819697,1.926942
668,47.574081,-38.132230,-13.044981,47.997045,-39.045057,-14.466627,1.889418
669,-20.179918,-43.251470,-33.022070,-20.631495,-42.994821,-32.840888,0.550107
670,10.630924,43.363447,-46.978724,10.539161,44.779622,-47.161556,1.430874
671,9.359771,-6.100105,-12.362737,9.502337,-5.518064,-12.820382,0.754013
672,-47.243906,17.624612,-40.518389,-47.912063,16.954371,-40.961614,1.045039
673,29.217339,22.711699,10.246894,28.480521,22.611903,9.790762,1.051843
674,36.568618,6.804837,-36.620053,37.507872,7.416978,-36.579941,1.121839
675,-36.428694,36.133015,-19.725035,-35.688343,36.732946,-20.137500,1.583529
676,13.819688,-43.368522,-26.417326,13.891216,-42.446620,-26.173447,0.956293
677,52.902677,-55.146144,-48.790725,53.565140,-54.873756,-49.935159,1.350104
678,42.369050,-27.458332,46.061333,42.871171,-27.000318,46.361525,1.290878
679,15.738900,46.090692,2.580005,16.258693,46.737317,2.989087,0.925017
680,13.248362,-6.745042,10.996687,12.594257,-6.165742,10.925400,0.966962
681,-4.130803,23.236649,-21.234435,-4.934129,22.659515,-20.609863,1.219454
682,42.792078,13.354445,32.692051,43.093941,13.876767,32.555378,0.618564
683,-44.646201,-28.526493,31.748655,-45.281526,-28.151967,32.115944,1.002560
684,1.230727,-24.706008,-20.252818,0.705527,-24.208538,-19.704404,2.190862
685,-4.528890,-20.109612,16.027909,-4.572238,-19.714233,16.364580,0.521105
686,-33.678419,-12.272954,30.755503,-33.056488,-12.704807,31.793815,1.285063
687,48.237014,37.010420,-24.711403,49.761476,35.703758,-24.730564,2.007913
688,16.094089,-30.311798,-54.709608,15.962618,-30.196089,-54.733905,0.176816
689,4.542744,46.658201,-4.651567,3.423778,46.360863,-4.403078,1.459439
690,-8.639356,18.844148,42.941057,-8.360195,18.239196,42.570082,1.649739
691,10.798840,-15.095291,25.483831,12.150276,-16.233250,25.351792,1.771656
692,-44.622347,45.506723,25.023112,-44.939580,46.720498,24.125435,1.786535
693,-32.294079,-37.557077,-23.768458,-31.008928,-37.007961,-23.426481,1.438781
694,13.826695,-41.710630,20.695579,12.816348,-42.228889,20.159536,1.588135
695,-51.417718,38.306963,33.388611,-52.678599,38.370130,33.371441,1.262579
696,-23.770302,20.774602,-52.683148,-24.549622,21.037490,-51.585398,1.382384
697,41.347588,21.114013,-17.996081,41.078204,21.634577,-17.647462,0.681975
698,-44.103315,-0.229633,-20.922231,-44.183247,-0.361552,-20.949850,0.156699
699,47.878838,25.824570,8.904350,47.059277,24.370242,9.793381,1.927463
700,-36.797887,-28.151304,-0.612065,-36.250705,-28.360075,-0.776201,0.608222
701,12.068334,-13.209556,37.017850,11.460349,-13.989892,36.848070,1.003691
702,-22.470496,-18.790781,36.442991,-22.742421,-18.000525,37.553931,1.390192
703,48.837217,-29.720957,21.322898,48.544777,-29.493001,22.129324,1.065519
704,38.913204,-51.436701,-27.080231,38.884092,-52.269307,-27.291637,0.859518
705,-27.112450,51.094094,-17.420223,-26.947806,51.658765,-17.523035,0.799071
706,44.787176,50.975082,-13.806174,45.140481,51.480108,-12.683006,1.635896
707,-34.433606,-42.373170,-9.086040,-33.751852,-42.202973,-10.669807,1.732650
